encoder,op,level,accuracy,max_severity,mean_severity,violation_rate
rate,clean,0.0,0.8,0.199999999999995,0.001041693557467713,0.43866666666666665
rate,clean,0.25,0.8,0.199999999999995,0.001041693557467713,0.43866666666666665
rate,clean,0.5,0.8,0.199999999999995,0.001041693557467713,0.43866666666666665
rate,clean,0.75,0.8,0.199999999999995,0.001041693557467713,0.43866666666666665
rate,clean,1.0,0.8,0.199999999999995,0.001041693557467713,0.43866666666666665
rate,noise,0.0,0.8,0.199999999999995,0.001041693557467713,0.43866666666666665
rate,noise,0.25,0.766,2.2600094479529683e-07,2.590152953705127e-08,0.39766666666666667
rate,noise,0.5,0.6483333333333333,2.2600094479529683e-07,2.6764969044848835e-08,0.422
rate,noise,0.75,0.45466666666666666,0.024999999999999373,6.669412122833571e-05,0.41233333333333333
rate,noise,1.0,0.283,0.07499999999999812,0.0006916951038771172,0.448
rate,blur,0.0,0.8,0.199999999999995,0.001041693557467713,0.43866666666666665
rate,blur,0.25,0.8003333333333333,0.1749999999999956,0.00035002594540517,0.416
rate,blur,0.5,0.8016666666666666,0.22499999999999437,0.00013335914214453098,0.406
rate,blur,0.75,0.8003333333333333,0.04999999999999875,1.669406327937744e-05,0.42833333333333334
rate,blur,1.0,0.7976666666666666,0.024999999999999373,1.6692482928447796e-05,0.404
rate,dropout,0.0,0.8,0.199999999999995,0.001041693557467713,0.43866666666666665
rate,dropout,0.25,0.773,0.07499999999999812,0.0004916920458277075,0.41733333333333333
rate,dropout,0.5,0.7546666666666667,0.12499999999999686,0.0006000244602560972,0.39966666666666667
rate,dropout,0.75,0.7016666666666667,0.12499999999999686,0.0007333595717946639,0.43166666666666664
rate,dropout,1.0,0.618,0.0999999999999975,0.0007750274040632717,0.43966666666666665
rate,occlusion,0.0,0.8,0.199999999999995,0.001041693557467713,0.43866666666666665
rate,occlusion,0.25,0.785,0.199999999999995,0.0009083600759506135,0.43566666666666665
rate,occlusion,0.5,0.626,0.199999999999995,0.0010083602050940078,0.438
rate,occlusion,0.75,0.3606666666666667,0.1749999999999956,0.001716692554122842,0.43533333333333335
rate,occlusion,1.0,0.13833333333333334,0.199999999999995,0.0016083606761362545,0.44866666666666666
sparse,clean,0.0,0.773,2.2600094479529683e-07,2.645038897485184e-08,0.412
sparse,clean,0.25,0.773,2.2600094479529683e-07,2.645038897485184e-08,0.412
sparse,clean,0.5,0.773,2.2600094479529683e-07,2.645038897485184e-08,0.412
sparse,clean,0.75,0.773,2.2600094479529683e-07,2.645038897485184e-08,0.412
sparse,clean,1.0,0.773,2.2600094479529683e-07,2.645038897485184e-08,0.412
sparse,noise,0.0,0.773,2.2600094479529683e-07,2.645038897485184e-08,0.412
sparse,noise,0.25,0.572,2.2600094479529683e-07,2.6124219113383403e-08,0.41733333333333333
sparse,noise,0.5,0.35333333333333333,2.2600094479529683e-07,2.652241125403699e-08,0.41433333333333333
sparse,noise,0.75,0.21433333333333332,2.2600094479529683e-07,2.6308827943754103e-08,0.41833333333333333
sparse,noise,1.0,0.15466666666666667,2.2600094479529683e-07,2.6679701288727087e-08,0.411
sparse,blur,0.0,0.773,2.2600094479529683e-07,2.645038897485184e-08,0.412
sparse,blur,0.25,0.7733333333333333,2.2600094479529683e-07,2.6746756513983906e-08,0.408
sparse,blur,0.5,0.773,2.880891164321895e-07,2.7450422459510424e-08,0.41633333333333333
sparse,blur,0.75,0.7696666666666667,2.2600094479529683e-07,2.7020772311672104e-08,0.41333333333333333
sparse,blur,1.0,0.7693333333333333,2.2600094479529683e-07,2.5445388436573326e-08,0.4106666666666667
sparse,dropout,0.0,0.773,2.2600094479529683e-07,2.645038897485184e-08,0.412
sparse,dropout,0.25,0.7666666666666667,2.2600094479529683e-07,2.5606817682767567e-08,0.409
sparse,dropout,0.5,0.7463333333333333,2.2600094479529683e-07,2.6544762995789258e-08,0.41333333333333333
sparse,dropout,0.75,0.7073333333333334,2.2600094479529683e-07,2.8560558968698796e-08,0.425
sparse,dropout,1.0,0.6316666666666667,2.2600094479529683e-07,2.735853196522877e-08,0.4093333333333333
sparse,occlusion,0.0,0.773,2.2600094479529683e-07,2.645038897485184e-08,0.412
sparse,occlusion,0.25,0.7626666666666667,2.2600094479529683e-07,2.6367604746002647e-08,0.412
sparse,occlusion,0.5,0.631,2.2600094479529683e-07,2.504802413772714e-08,0.40066666666666667
sparse,occlusion,0.75,0.38466666666666666,2.2600094479529683e-07,2.742641503321817e-08,0.41833333333333333
sparse,occlusion,1.0,0.14333333333333334,2.2600094479529683e-07,2.679642705079999e-08,0.39466666666666667
temporal,clean,0.0,0.7933333333333333,5.3999999999998645,0.01724169215096326,0.42866666666666664
temporal,clean,0.25,0.7933333333333333,5.3999999999998645,0.01724169215096326,0.42866666666666664
temporal,clean,0.5,0.7933333333333333,5.3999999999998645,0.01724169215096326,0.42866666666666664
temporal,clean,0.75,0.7933333333333333,5.3999999999998645,0.01724169215096326,0.42866666666666664
temporal,clean,1.0,0.7933333333333333,5.3999999999998645,0.01724169215096326,0.42866666666666664
temporal,noise,0.0,0.7933333333333333,5.3999999999998645,0.01724169215096326,0.42866666666666664
temporal,noise,0.25,0.777,2.2600094479529683e-07,2.631710636614559e-08,0.405
temporal,noise,0.5,0.6953333333333334,2.880891164321895e-07,2.7887523188241232e-08,0.42733333333333334
temporal,noise,0.75,0.48966666666666664,0.04999999999999875,6.669340514475628e-05,0.41533333333333333
temporal,noise,1.0,0.31366666666666665,0.12499999999999686,0.0009583615867627891,0.44766666666666666
temporal,blur,0.0,0.7933333333333333,5.3999999999998645,0.01724169215096326,0.42866666666666664
temporal,blur,0.25,0.7926666666666666,0.1749999999999956,0.000350026544762987,0.4206666666666667
temporal,blur,0.5,0.788,0.22499999999999437,0.00013335949314966146,0.4106666666666667
temporal,blur,0.75,0.787,0.04999999999999875,1.6691990362285896e-05,0.397
temporal,blur,1.0,0.7836666666666666,0.024999999999999373,1.6692894366065692e-05,0.418
temporal,dropout,0.0,0.7933333333333333,5.3999999999998645,0.01724169215096326,0.42866666666666664
temporal,dropout,0.25,0.7606666666666667,5.3999999999998645,0.016725026070408943,0.44133333333333336
temporal,dropout,0.5,0.6963333333333334,5.3999999999998645,0.016741692985428297,0.42633333333333334
temporal,dropout,0.75,0.6133333333333333,5.3999999999998645,0.04195836055113105,0.448
temporal,dropout,1.0,0.503,5.3999999999998645,0.14306669393909946,0.46166666666666667
temporal,occlusion,0.0,0.7933333333333333,5.3999999999998645,0.01724169215096326,0.42866666666666664
temporal,occlusion,0.25,0.7783333333333333,5.3999999999998645,0.017125025866759732,0.42633333333333334
temporal,occlusion,0.5,0.6263333333333333,5.3999999999998645,0.06779169207148913,0.43566666666666665
temporal,occlusion,0.75,0.37666666666666665,5.3999999999998645,0.38297502466472355,0.4736666666666667
temporal,occlusion,1.0,0.12966666666666668,5.3999999999998645,1.8720333508893376,0.6476666666666666
optim,clean,0.0,0.802,0.199999999999995,0.0009083591206206122,0.43033333333333335
optim,clean,0.25,0.802,0.199999999999995,0.0009083591206206122,0.43033333333333335
optim,clean,0.5,0.802,0.199999999999995,0.0009083591206206122,0.43033333333333335
optim,clean,0.75,0.802,0.199999999999995,0.0009083591206206122,0.43033333333333335
optim,clean,1.0,0.802,0.199999999999995,0.0009083591206206122,0.43033333333333335
optim,noise,0.0,0.802,0.199999999999995,0.0009083591206206122,0.43033333333333335
optim,noise,0.25,0.7726666666666666,2.2600094479529683e-07,2.7010838204740642e-08,0.42766666666666664
optim,noise,0.5,0.662,2.2600094479529683e-07,2.6126702640039175e-08,0.4116666666666667
optim,noise,0.75,0.45366666666666666,0.04999999999999875,0.00010002595368359894,0.407
optim,noise,1.0,0.2846666666666667,0.0999999999999975,0.0010833583068516378,0.42533333333333334
optim,blur,0.0,0.802,0.199999999999995,0.0009083591206206122,0.43033333333333335
optim,blur,0.25,0.8023333333333333,0.1749999999999956,0.00034169320480691536,0.416
optim,blur,0.5,0.8016666666666666,0.22499999999999437,0.00013335994929076226,0.406
optim,blur,0.75,0.8,0.04999999999999875,1.6694385310027712e-05,0.42966666666666664
optim,blur,1.0,0.7966666666666666,0.024999999999999373,1.6694460643675978e-05,0.43033333333333335
optim,dropout,0.0,0.802,0.199999999999995,0.0009083591206206122,0.43033333333333335
optim,dropout,0.25,0.783,0.07499999999999812,0.00037502522683806295,0.42233333333333334
optim,dropout,0.5,0.7536666666666667,0.04999999999999875,0.00035836044351260333,0.43166666666666664
optim,dropout,0.75,0.693,0.07499999999999812,0.000491693212257492,0.41833333333333333
optim,dropout,1.0,0.5873333333333334,0.04999999999999875,0.0003250274835361428,0.42533333333333334
optim,occlusion,0.0,0.802,0.199999999999995,0.0009083591206206122,0.43033333333333335
optim,occlusion,0.25,0.7876666666666666,0.12499999999999686,0.0008166922875576477,0.426
optim,occlusion,0.5,0.636,0.199999999999995,0.0008833593350317653,0.41933333333333334
optim,occlusion,0.75,0.38166666666666665,0.12499999999999686,0.0006583595593770315,0.42733333333333334
optim,occlusion,1.0,0.14366666666666666,0.1749999999999956,0.00022502877828148486,0.42766666666666664
