benchmark,encoder,op,level,accuracy,n_test,correct_approx,accuracy_CI95_low,accuracy_CI95_high,CI_method
emnist_letters,rate,clean,0.0,0.6955,2000,1391,0.675,0.7153,Wilson binomial CI based on reported accuracy and test-set size
emnist_letters,rate,clean,0.25,0.6955,2000,1391,0.675,0.7153,Wilson binomial CI based on reported accuracy and test-set size
emnist_letters,rate,clean,0.5,0.6955,2000,1391,0.675,0.7153,Wilson binomial CI based on reported accuracy and test-set size
emnist_letters,rate,clean,0.75,0.6955,2000,1391,0.675,0.7153,Wilson binomial CI based on reported accuracy and test-set size
emnist_letters,rate,clean,1.0,0.6955,2000,1391,0.675,0.7153,Wilson binomial CI based on reported accuracy and test-set size
emnist_letters,rate,noise,0.0,0.6955,2000,1391,0.675,0.7153,Wilson binomial CI based on reported accuracy and test-set size
emnist_letters,rate,noise,0.25,0.675,2000,1350,0.6542,0.6952,Wilson binomial CI based on reported accuracy and test-set size
emnist_letters,rate,noise,0.5,0.548,2000,1096,0.5261,0.5697,Wilson binomial CI based on reported accuracy and test-set size
emnist_letters,rate,noise,0.75,0.367,2000,734,0.3461,0.3884,Wilson binomial CI based on reported accuracy and test-set size
emnist_letters,rate,noise,1.0,0.207,2000,414,0.1898,0.2253,Wilson binomial CI based on reported accuracy and test-set size
emnist_letters,rate,blur,0.0,0.6955,2000,1391,0.675,0.7153,Wilson binomial CI based on reported accuracy and test-set size
emnist_letters,rate,blur,0.25,0.6935,2000,1387,0.6729,0.7133,Wilson binomial CI based on reported accuracy and test-set size
emnist_letters,rate,blur,0.5,0.6955,2000,1391,0.675,0.7153,Wilson binomial CI based on reported accuracy and test-set size
emnist_letters,rate,blur,0.75,0.696,2000,1392,0.6755,0.7158,Wilson binomial CI based on reported accuracy and test-set size
emnist_letters,rate,blur,1.0,0.691,2000,1382,0.6704,0.7109,Wilson binomial CI based on reported accuracy and test-set size
emnist_letters,rate,dropout,0.0,0.6955,2000,1391,0.675,0.7153,Wilson binomial CI based on reported accuracy and test-set size
emnist_letters,rate,dropout,0.25,0.642,2000,1284,0.6207,0.6627,Wilson binomial CI based on reported accuracy and test-set size
emnist_letters,rate,dropout,0.5,0.6015,2000,1203,0.5799,0.6227,Wilson binomial CI based on reported accuracy and test-set size
emnist_letters,rate,dropout,0.75,0.5115,2000,1023,0.4896,0.5334,Wilson binomial CI based on reported accuracy and test-set size
emnist_letters,rate,dropout,1.0,0.406,2000,812,0.3847,0.4277,Wilson binomial CI based on reported accuracy and test-set size
emnist_letters,rate,occlusion,0.0,0.6955,2000,1391,0.675,0.7153,Wilson binomial CI based on reported accuracy and test-set size
emnist_letters,rate,occlusion,0.25,0.6815,2000,1363,0.6607,0.7016,Wilson binomial CI based on reported accuracy and test-set size
emnist_letters,rate,occlusion,0.5,0.5305,2000,1061,0.5086,0.5523,Wilson binomial CI based on reported accuracy and test-set size
emnist_letters,rate,occlusion,0.75,0.291,2000,582,0.2715,0.3113,Wilson binomial CI based on reported accuracy and test-set size
emnist_letters,rate,occlusion,1.0,0.106,2000,212,0.0933,0.1203,Wilson binomial CI based on reported accuracy and test-set size
emnist_letters,sparse,clean,0.0,0.668,2000,1336,0.6471,0.6883,Wilson binomial CI based on reported accuracy and test-set size
emnist_letters,sparse,clean,0.25,0.668,2000,1336,0.6471,0.6883,Wilson binomial CI based on reported accuracy and test-set size
emnist_letters,sparse,clean,0.5,0.668,2000,1336,0.6471,0.6883,Wilson binomial CI based on reported accuracy and test-set size
emnist_letters,sparse,clean,0.75,0.668,2000,1336,0.6471,0.6883,Wilson binomial CI based on reported accuracy and test-set size
emnist_letters,sparse,clean,1.0,0.668,2000,1336,0.6471,0.6883,Wilson binomial CI based on reported accuracy and test-set size
emnist_letters,sparse,noise,0.0,0.668,2000,1336,0.6471,0.6883,Wilson binomial CI based on reported accuracy and test-set size
emnist_letters,sparse,noise,0.25,0.4695,2000,939,0.4477,0.4914,Wilson binomial CI based on reported accuracy and test-set size
emnist_letters,sparse,noise,0.5,0.228,2000,456,0.2101,0.2469,Wilson binomial CI based on reported accuracy and test-set size
emnist_letters,sparse,noise,0.75,0.1075,2000,215,0.0947,0.1218,Wilson binomial CI based on reported accuracy and test-set size
emnist_letters,sparse,noise,1.0,0.0705,2000,141,0.0601,0.0826,Wilson binomial CI based on reported accuracy and test-set size
emnist_letters,sparse,blur,0.0,0.668,2000,1336,0.6471,0.6883,Wilson binomial CI based on reported accuracy and test-set size
emnist_letters,sparse,blur,0.25,0.6685,2000,1337,0.6476,0.6888,Wilson binomial CI based on reported accuracy and test-set size
emnist_letters,sparse,blur,0.5,0.6705,2000,1341,0.6496,0.6908,Wilson binomial CI based on reported accuracy and test-set size
emnist_letters,sparse,blur,0.75,0.6725,2000,1345,0.6516,0.6927,Wilson binomial CI based on reported accuracy and test-set size
emnist_letters,sparse,blur,1.0,0.6615,2000,1323,0.6405,0.6819,Wilson binomial CI based on reported accuracy and test-set size
emnist_letters,sparse,dropout,0.0,0.668,2000,1336,0.6471,0.6883,Wilson binomial CI based on reported accuracy and test-set size
emnist_letters,sparse,dropout,0.25,0.6555,2000,1311,0.6344,0.676,Wilson binomial CI based on reported accuracy and test-set size
emnist_letters,sparse,dropout,0.5,0.6125,2000,1225,0.591,0.6336,Wilson binomial CI based on reported accuracy and test-set size
emnist_letters,sparse,dropout,0.75,0.552,2000,1104,0.5301,0.5737,Wilson binomial CI based on reported accuracy and test-set size
emnist_letters,sparse,dropout,1.0,0.4435,2000,887,0.4219,0.4654,Wilson binomial CI based on reported accuracy and test-set size
emnist_letters,sparse,occlusion,0.0,0.668,2000,1336,0.6471,0.6883,Wilson binomial CI based on reported accuracy and test-set size
emnist_letters,sparse,occlusion,0.25,0.653,2000,1306,0.6319,0.6736,Wilson binomial CI based on reported accuracy and test-set size
emnist_letters,sparse,occlusion,0.5,0.5235,2000,1047,0.5016,0.5453,Wilson binomial CI based on reported accuracy and test-set size
emnist_letters,sparse,occlusion,0.75,0.279,2000,558,0.2598,0.2991,Wilson binomial CI based on reported accuracy and test-set size
emnist_letters,sparse,occlusion,1.0,0.1165,2000,233,0.1032,0.1313,Wilson binomial CI based on reported accuracy and test-set size
emnist_letters,temporal,clean,0.0,0.69,2000,1380,0.6694,0.7099,Wilson binomial CI based on reported accuracy and test-set size
emnist_letters,temporal,clean,0.25,0.69,2000,1380,0.6694,0.7099,Wilson binomial CI based on reported accuracy and test-set size
emnist_letters,temporal,clean,0.5,0.69,2000,1380,0.6694,0.7099,Wilson binomial CI based on reported accuracy and test-set size
emnist_letters,temporal,clean,0.75,0.69,2000,1380,0.6694,0.7099,Wilson binomial CI based on reported accuracy and test-set size
emnist_letters,temporal,clean,1.0,0.69,2000,1380,0.6694,0.7099,Wilson binomial CI based on reported accuracy and test-set size
emnist_letters,temporal,noise,0.0,0.69,2000,1380,0.6694,0.7099,Wilson binomial CI based on reported accuracy and test-set size
emnist_letters,temporal,noise,0.25,0.6615,2000,1323,0.6405,0.6819,Wilson binomial CI based on reported accuracy and test-set size
emnist_letters,temporal,noise,0.5,0.594,2000,1188,0.5723,0.6153,Wilson binomial CI based on reported accuracy and test-set size
emnist_letters,temporal,noise,0.75,0.4115,2000,823,0.3901,0.4332,Wilson binomial CI based on reported accuracy and test-set size
emnist_letters,temporal,noise,1.0,0.237,2000,474,0.2189,0.2561,Wilson binomial CI based on reported accuracy and test-set size
emnist_letters,temporal,blur,0.0,0.69,2000,1380,0.6694,0.7099,Wilson binomial CI based on reported accuracy and test-set size
emnist_letters,temporal,blur,0.25,0.6905,2000,1381,0.6699,0.7104,Wilson binomial CI based on reported accuracy and test-set size
emnist_letters,temporal,blur,0.5,0.6835,2000,1367,0.6628,0.7035,Wilson binomial CI based on reported accuracy and test-set size
emnist_letters,temporal,blur,0.75,0.679,2000,1358,0.6582,0.6991,Wilson binomial CI based on reported accuracy and test-set size
emnist_letters,temporal,blur,1.0,0.6705,2000,1341,0.6496,0.6908,Wilson binomial CI based on reported accuracy and test-set size
emnist_letters,temporal,dropout,0.0,0.69,2000,1380,0.6694,0.7099,Wilson binomial CI based on reported accuracy and test-set size
emnist_letters,temporal,dropout,0.25,0.6335,2000,1267,0.6121,0.6543,Wilson binomial CI based on reported accuracy and test-set size
emnist_letters,temporal,dropout,0.5,0.5315,2000,1063,0.5096,0.5533,Wilson binomial CI based on reported accuracy and test-set size
emnist_letters,temporal,dropout,0.75,0.413,2000,826,0.3916,0.4347,Wilson binomial CI based on reported accuracy and test-set size
emnist_letters,temporal,dropout,1.0,0.305,2000,610,0.2852,0.3255,Wilson binomial CI based on reported accuracy and test-set size
emnist_letters,temporal,occlusion,0.0,0.69,2000,1380,0.6694,0.7099,Wilson binomial CI based on reported accuracy and test-set size
emnist_letters,temporal,occlusion,0.25,0.6685,2000,1337,0.6476,0.6888,Wilson binomial CI based on reported accuracy and test-set size
emnist_letters,temporal,occlusion,0.5,0.516,2000,1032,0.4941,0.5379,Wilson binomial CI based on reported accuracy and test-set size
emnist_letters,temporal,occlusion,0.75,0.2555,2000,511,0.2369,0.2751,Wilson binomial CI based on reported accuracy and test-set size
emnist_letters,temporal,occlusion,1.0,0.096,2000,192,0.0839,0.1097,Wilson binomial CI based on reported accuracy and test-set size
emnist_letters,optim,clean,0.0,0.6945,2000,1389,0.674,0.7143,Wilson binomial CI based on reported accuracy and test-set size
emnist_letters,optim,clean,0.25,0.6945,2000,1389,0.674,0.7143,Wilson binomial CI based on reported accuracy and test-set size
emnist_letters,optim,clean,0.5,0.6945,2000,1389,0.674,0.7143,Wilson binomial CI based on reported accuracy and test-set size
emnist_letters,optim,clean,0.75,0.6945,2000,1389,0.674,0.7143,Wilson binomial CI based on reported accuracy and test-set size
emnist_letters,optim,clean,1.0,0.6945,2000,1389,0.674,0.7143,Wilson binomial CI based on reported accuracy and test-set size
emnist_letters,optim,noise,0.0,0.6945,2000,1389,0.674,0.7143,Wilson binomial CI based on reported accuracy and test-set size
emnist_letters,optim,noise,0.25,0.6765,2000,1353,0.6557,0.6966,Wilson binomial CI based on reported accuracy and test-set size
emnist_letters,optim,noise,0.5,0.559,2000,1118,0.5371,0.5806,Wilson binomial CI based on reported accuracy and test-set size
emnist_letters,optim,noise,0.75,0.363,2000,726,0.3422,0.3843,Wilson binomial CI based on reported accuracy and test-set size
emnist_letters,optim,noise,1.0,0.2085,2000,417,0.1913,0.2269,Wilson binomial CI based on reported accuracy and test-set size
emnist_letters,optim,blur,0.0,0.6945,2000,1389,0.674,0.7143,Wilson binomial CI based on reported accuracy and test-set size
emnist_letters,optim,blur,0.25,0.6945,2000,1389,0.674,0.7143,Wilson binomial CI based on reported accuracy and test-set size
emnist_letters,optim,blur,0.5,0.6955,2000,1391,0.675,0.7153,Wilson binomial CI based on reported accuracy and test-set size
emnist_letters,optim,blur,0.75,0.6955,2000,1391,0.675,0.7153,Wilson binomial CI based on reported accuracy and test-set size
emnist_letters,optim,blur,1.0,0.6895,2000,1379,0.6689,0.7094,Wilson binomial CI based on reported accuracy and test-set size
emnist_letters,optim,dropout,0.0,0.6945,2000,1389,0.674,0.7143,Wilson binomial CI based on reported accuracy and test-set size
emnist_letters,optim,dropout,0.25,0.6605,2000,1321,0.6395,0.6809,Wilson binomial CI based on reported accuracy and test-set size
emnist_letters,optim,dropout,0.5,0.599,2000,1198,0.5774,0.6203,Wilson binomial CI based on reported accuracy and test-set size
emnist_letters,optim,dropout,0.75,0.5105,2000,1021,0.4886,0.5324,Wilson binomial CI based on reported accuracy and test-set size
emnist_letters,optim,dropout,1.0,0.3895,2000,779,0.3684,0.4111,Wilson binomial CI based on reported accuracy and test-set size
emnist_letters,optim,occlusion,0.0,0.6945,2000,1389,0.674,0.7143,Wilson binomial CI based on reported accuracy and test-set size
emnist_letters,optim,occlusion,0.25,0.676,2000,1352,0.6552,0.6962,Wilson binomial CI based on reported accuracy and test-set size
emnist_letters,optim,occlusion,0.5,0.5205,2000,1041,0.4986,0.5423,Wilson binomial CI based on reported accuracy and test-set size
emnist_letters,optim,occlusion,0.75,0.279,2000,558,0.2598,0.2991,Wilson binomial CI based on reported accuracy and test-set size
emnist_letters,optim,occlusion,1.0,0.108,2000,216,0.0951,0.1224,Wilson binomial CI based on reported accuracy and test-set size
coco_4cls,rate,clean,0.0,0.3,800,240,0.2693,0.3326,Wilson binomial CI based on reported accuracy and test-set size
coco_4cls,rate,clean,0.25,0.3,800,240,0.2693,0.3326,Wilson binomial CI based on reported accuracy and test-set size
coco_4cls,rate,clean,0.5,0.3,800,240,0.2693,0.3326,Wilson binomial CI based on reported accuracy and test-set size
coco_4cls,rate,clean,0.75,0.3,800,240,0.2693,0.3326,Wilson binomial CI based on reported accuracy and test-set size
coco_4cls,rate,clean,1.0,0.3,800,240,0.2693,0.3326,Wilson binomial CI based on reported accuracy and test-set size
coco_4cls,rate,noise,0.0,0.3,800,240,0.2693,0.3326,Wilson binomial CI based on reported accuracy and test-set size
coco_4cls,rate,noise,0.25,0.3012,800,241,0.2705,0.3339,Wilson binomial CI based on reported accuracy and test-set size
coco_4cls,rate,noise,0.5,0.3012,800,241,0.2705,0.3339,Wilson binomial CI based on reported accuracy and test-set size
coco_4cls,rate,noise,0.75,0.3212,800,257,0.2898,0.3544,Wilson binomial CI based on reported accuracy and test-set size
coco_4cls,rate,noise,1.0,0.2888,800,231,0.2584,0.3211,Wilson binomial CI based on reported accuracy and test-set size
coco_4cls,rate,blur,0.0,0.3,800,240,0.2693,0.3326,Wilson binomial CI based on reported accuracy and test-set size
coco_4cls,rate,blur,0.25,0.3038,800,243,0.2729,0.3365,Wilson binomial CI based on reported accuracy and test-set size
coco_4cls,rate,blur,0.5,0.2988,800,239,0.2681,0.3314,Wilson binomial CI based on reported accuracy and test-set size
coco_4cls,rate,blur,0.75,0.29,800,232,0.2596,0.3224,Wilson binomial CI based on reported accuracy and test-set size
coco_4cls,rate,blur,1.0,0.2862,800,229,0.256,0.3185,Wilson binomial CI based on reported accuracy and test-set size
coco_4cls,rate,dropout,0.0,0.3,800,240,0.2693,0.3326,Wilson binomial CI based on reported accuracy and test-set size
coco_4cls,rate,dropout,0.25,0.295,800,236,0.2644,0.3275,Wilson binomial CI based on reported accuracy and test-set size
coco_4cls,rate,dropout,0.5,0.3075,800,246,0.2765,0.3403,Wilson binomial CI based on reported accuracy and test-set size
coco_4cls,rate,dropout,0.75,0.3025,800,242,0.2717,0.3352,Wilson binomial CI based on reported accuracy and test-set size
coco_4cls,rate,dropout,1.0,0.3025,800,242,0.2717,0.3352,Wilson binomial CI based on reported accuracy and test-set size
coco_4cls,rate,occlusion,0.0,0.3,800,240,0.2693,0.3326,Wilson binomial CI based on reported accuracy and test-set size
coco_4cls,rate,occlusion,0.25,0.3012,800,241,0.2705,0.3339,Wilson binomial CI based on reported accuracy and test-set size
coco_4cls,rate,occlusion,0.5,0.2975,800,238,0.2668,0.3301,Wilson binomial CI based on reported accuracy and test-set size
coco_4cls,rate,occlusion,0.75,0.3038,800,243,0.2729,0.3365,Wilson binomial CI based on reported accuracy and test-set size
coco_4cls,rate,occlusion,1.0,0.2712,800,217,0.2416,0.3031,Wilson binomial CI based on reported accuracy and test-set size
coco_4cls,sparse,clean,0.0,0.3238,800,259,0.2922,0.3569,Wilson binomial CI based on reported accuracy and test-set size
coco_4cls,sparse,clean,0.25,0.3238,800,259,0.2922,0.3569,Wilson binomial CI based on reported accuracy and test-set size
coco_4cls,sparse,clean,0.5,0.3238,800,259,0.2922,0.3569,Wilson binomial CI based on reported accuracy and test-set size
coco_4cls,sparse,clean,0.75,0.3238,800,259,0.2922,0.3569,Wilson binomial CI based on reported accuracy and test-set size
coco_4cls,sparse,clean,1.0,0.3238,800,259,0.2922,0.3569,Wilson binomial CI based on reported accuracy and test-set size
coco_4cls,sparse,noise,0.0,0.3238,800,259,0.2922,0.3569,Wilson binomial CI based on reported accuracy and test-set size
coco_4cls,sparse,noise,0.25,0.3212,800,257,0.2898,0.3544,Wilson binomial CI based on reported accuracy and test-set size
coco_4cls,sparse,noise,0.5,0.2975,800,238,0.2668,0.3301,Wilson binomial CI based on reported accuracy and test-set size
coco_4cls,sparse,noise,0.75,0.2825,800,226,0.2524,0.3147,Wilson binomial CI based on reported accuracy and test-set size
coco_4cls,sparse,noise,1.0,0.255,800,204,0.226,0.2863,Wilson binomial CI based on reported accuracy and test-set size
coco_4cls,sparse,blur,0.0,0.3238,800,259,0.2922,0.3569,Wilson binomial CI based on reported accuracy and test-set size
coco_4cls,sparse,blur,0.25,0.3262,800,261,0.2947,0.3595,Wilson binomial CI based on reported accuracy and test-set size
coco_4cls,sparse,blur,0.5,0.32,800,256,0.2886,0.3531,Wilson binomial CI based on reported accuracy and test-set size
coco_4cls,sparse,blur,0.75,0.3162,800,253,0.285,0.3493,Wilson binomial CI based on reported accuracy and test-set size
coco_4cls,sparse,blur,1.0,0.3125,800,250,0.2813,0.3455,Wilson binomial CI based on reported accuracy and test-set size
coco_4cls,sparse,dropout,0.0,0.3238,800,259,0.2922,0.3569,Wilson binomial CI based on reported accuracy and test-set size
coco_4cls,sparse,dropout,0.25,0.31,800,248,0.2789,0.3429,Wilson binomial CI based on reported accuracy and test-set size
coco_4cls,sparse,dropout,0.5,0.325,800,260,0.2934,0.3582,Wilson binomial CI based on reported accuracy and test-set size
coco_4cls,sparse,dropout,0.75,0.3188,800,255,0.2874,0.3518,Wilson binomial CI based on reported accuracy and test-set size
coco_4cls,sparse,dropout,1.0,0.33,800,264,0.2983,0.3633,Wilson binomial CI based on reported accuracy and test-set size
coco_4cls,sparse,occlusion,0.0,0.3238,800,259,0.2922,0.3569,Wilson binomial CI based on reported accuracy and test-set size
coco_4cls,sparse,occlusion,0.25,0.3175,800,254,0.2862,0.3506,Wilson binomial CI based on reported accuracy and test-set size
coco_4cls,sparse,occlusion,0.5,0.2962,800,237,0.2656,0.3288,Wilson binomial CI based on reported accuracy and test-set size
coco_4cls,sparse,occlusion,0.75,0.31,800,248,0.2789,0.3429,Wilson binomial CI based on reported accuracy and test-set size
coco_4cls,sparse,occlusion,1.0,0.2888,800,231,0.2584,0.3211,Wilson binomial CI based on reported accuracy and test-set size
coco_4cls,temporal,clean,0.0,0.2962,800,237,0.2656,0.3288,Wilson binomial CI based on reported accuracy and test-set size
coco_4cls,temporal,clean,0.25,0.2962,800,237,0.2656,0.3288,Wilson binomial CI based on reported accuracy and test-set size
coco_4cls,temporal,clean,0.5,0.2962,800,237,0.2656,0.3288,Wilson binomial CI based on reported accuracy and test-set size
coco_4cls,temporal,clean,0.75,0.2962,800,237,0.2656,0.3288,Wilson binomial CI based on reported accuracy and test-set size
coco_4cls,temporal,clean,1.0,0.2962,800,237,0.2656,0.3288,Wilson binomial CI based on reported accuracy and test-set size
coco_4cls,temporal,noise,0.0,0.2962,800,237,0.2656,0.3288,Wilson binomial CI based on reported accuracy and test-set size
coco_4cls,temporal,noise,0.25,0.3012,800,241,0.2705,0.3339,Wilson binomial CI based on reported accuracy and test-set size
coco_4cls,temporal,noise,0.5,0.315,800,252,0.2838,0.348,Wilson binomial CI based on reported accuracy and test-set size
coco_4cls,temporal,noise,0.75,0.3088,800,247,0.2777,0.3416,Wilson binomial CI based on reported accuracy and test-set size
coco_4cls,temporal,noise,1.0,0.3088,800,247,0.2777,0.3416,Wilson binomial CI based on reported accuracy and test-set size
coco_4cls,temporal,blur,0.0,0.2962,800,237,0.2656,0.3288,Wilson binomial CI based on reported accuracy and test-set size
coco_4cls,temporal,blur,0.25,0.2988,800,239,0.2681,0.3314,Wilson binomial CI based on reported accuracy and test-set size
coco_4cls,temporal,blur,0.5,0.2888,800,231,0.2584,0.3211,Wilson binomial CI based on reported accuracy and test-set size
coco_4cls,temporal,blur,0.75,0.285,800,228,0.2548,0.3173,Wilson binomial CI based on reported accuracy and test-set size
coco_4cls,temporal,blur,1.0,0.2825,800,226,0.2524,0.3147,Wilson binomial CI based on reported accuracy and test-set size
coco_4cls,temporal,dropout,0.0,0.2962,800,237,0.2656,0.3288,Wilson binomial CI based on reported accuracy and test-set size
coco_4cls,temporal,dropout,0.25,0.3025,800,242,0.2717,0.3352,Wilson binomial CI based on reported accuracy and test-set size
coco_4cls,temporal,dropout,0.5,0.3125,800,250,0.2813,0.3455,Wilson binomial CI based on reported accuracy and test-set size
coco_4cls,temporal,dropout,0.75,0.3088,800,247,0.2777,0.3416,Wilson binomial CI based on reported accuracy and test-set size
coco_4cls,temporal,dropout,1.0,0.3038,800,243,0.2729,0.3365,Wilson binomial CI based on reported accuracy and test-set size
coco_4cls,temporal,occlusion,0.0,0.2962,800,237,0.2656,0.3288,Wilson binomial CI based on reported accuracy and test-set size
coco_4cls,temporal,occlusion,0.25,0.2938,800,235,0.2632,0.3262,Wilson binomial CI based on reported accuracy and test-set size
coco_4cls,temporal,occlusion,0.5,0.295,800,236,0.2644,0.3275,Wilson binomial CI based on reported accuracy and test-set size
coco_4cls,temporal,occlusion,0.75,0.3012,800,241,0.2705,0.3339,Wilson binomial CI based on reported accuracy and test-set size
coco_4cls,temporal,occlusion,1.0,0.2862,800,229,0.256,0.3185,Wilson binomial CI based on reported accuracy and test-set size
coco_4cls,optim,clean,0.0,0.3012,800,241,0.2705,0.3339,Wilson binomial CI based on reported accuracy and test-set size
coco_4cls,optim,clean,0.25,0.3012,800,241,0.2705,0.3339,Wilson binomial CI based on reported accuracy and test-set size
coco_4cls,optim,clean,0.5,0.3012,800,241,0.2705,0.3339,Wilson binomial CI based on reported accuracy and test-set size
coco_4cls,optim,clean,0.75,0.3012,800,241,0.2705,0.3339,Wilson binomial CI based on reported accuracy and test-set size
coco_4cls,optim,clean,1.0,0.3012,800,241,0.2705,0.3339,Wilson binomial CI based on reported accuracy and test-set size
coco_4cls,optim,noise,0.0,0.3012,800,241,0.2705,0.3339,Wilson binomial CI based on reported accuracy and test-set size
coco_4cls,optim,noise,0.25,0.2912,800,233,0.2608,0.3237,Wilson binomial CI based on reported accuracy and test-set size
coco_4cls,optim,noise,0.5,0.3062,800,245,0.2753,0.3391,Wilson binomial CI based on reported accuracy and test-set size
coco_4cls,optim,noise,0.75,0.3062,800,245,0.2753,0.3391,Wilson binomial CI based on reported accuracy and test-set size
coco_4cls,optim,noise,1.0,0.305,800,244,0.2741,0.3378,Wilson binomial CI based on reported accuracy and test-set size
coco_4cls,optim,blur,0.0,0.3012,800,241,0.2705,0.3339,Wilson binomial CI based on reported accuracy and test-set size
coco_4cls,optim,blur,0.25,0.3038,800,243,0.2729,0.3365,Wilson binomial CI based on reported accuracy and test-set size
coco_4cls,optim,blur,0.5,0.2988,800,239,0.2681,0.3314,Wilson binomial CI based on reported accuracy and test-set size
coco_4cls,optim,blur,0.75,0.2888,800,231,0.2584,0.3211,Wilson binomial CI based on reported accuracy and test-set size
coco_4cls,optim,blur,1.0,0.2862,800,229,0.256,0.3185,Wilson binomial CI based on reported accuracy and test-set size
coco_4cls,optim,dropout,0.0,0.3012,800,241,0.2705,0.3339,Wilson binomial CI based on reported accuracy and test-set size
coco_4cls,optim,dropout,0.25,0.2925,800,234,0.262,0.325,Wilson binomial CI based on reported accuracy and test-set size
coco_4cls,optim,dropout,0.5,0.3113,800,249,0.2801,0.3442,Wilson binomial CI based on reported accuracy and test-set size
coco_4cls,optim,dropout,0.75,0.3075,800,246,0.2765,0.3403,Wilson binomial CI based on reported accuracy and test-set size
coco_4cls,optim,dropout,1.0,0.3175,800,254,0.2862,0.3506,Wilson binomial CI based on reported accuracy and test-set size
coco_4cls,optim,occlusion,0.0,0.3012,800,241,0.2705,0.3339,Wilson binomial CI based on reported accuracy and test-set size
coco_4cls,optim,occlusion,0.25,0.3113,800,249,0.2801,0.3442,Wilson binomial CI based on reported accuracy and test-set size
coco_4cls,optim,occlusion,0.5,0.3113,800,249,0.2801,0.3442,Wilson binomial CI based on reported accuracy and test-set size
coco_4cls,optim,occlusion,0.75,0.2875,800,230,0.2572,0.3198,Wilson binomial CI based on reported accuracy and test-set size
coco_4cls,optim,occlusion,1.0,0.2738,800,219,0.244,0.3057,Wilson binomial CI based on reported accuracy and test-set size
